text,department,dep_conf,sentiment,sent_conf
personale disponibile,Reception,0.9659920855688117,pos,0.7587473433087236
L'accoglienza è stata poco disponibile,Reception,0.8792280930778099,neg,0.6432090162675588
"personale disponibile, ma migliorabile direi",Reception,0.8978884613145945,pos,0.6768310712866875
La reception risulta disorganizzato,Reception,0.7659428342451481,neg,0.6506431474855019
L'offerta gastronomica è di qualità,F&B,0.8784179510282617,pos,0.676641653123271
direi che accoglienza cordiale direi,Reception,0.782710772040171,pos,0.7779809106713974
nel complesso personale scortese direi,Reception,0.8423498650835624,neg,0.5849778944011871
Durante il soggiorno il personale è stato scortese,Reception,0.8646941928853648,neg,0.6633963535875069
Il livello di pulizia è molto pulita,Housekeeping,0.9126301824023019,pos,0.7814197207333882
"Posizione ideale per visitare i luoghi più significativi della città. Staff molto gentile. Pulizia degli ambienti. Camere confortevoli, eleganti, comode. Saletta della prima colazione carina, anche se piccola.",Reception,0.46718218755866897,pos,0.7479130739969686
Il servizio di reception è ben organizzato,Reception,0.8199515540773594,pos,0.8247308106559998
Durante il soggiorno il personale è stato molto disponibile,Reception,0.8592793605071942,pos,0.7844941176562499
direi che cibo di qualità tutto sommato,F&B,0.8463691381120875,pos,0.7435682190545406
Il servizio di reception è attento alle richieste,Reception,0.8563407629937462,pos,0.7745737400112965
cibo di qualità durante il soggiorno direi,F&B,0.8939604456378016,pos,0.7098880082165763
servizio veloce durante il soggiorno tutto sommato,Reception,0.7527839841230791,pos,0.791379660941186
Camera pulita ma poco adatta a famiglie.,Housekeeping,0.7808992027578298,neg,0.6728026639645761
Il buffet è scarsa,F&B,0.8132980498214708,neg,0.7635452952377877
"POCA SCELTA, MA MIGLIORABILE TUTTO SOMMATO",F&B,0.5192082190489212,neg,0.6163034662298543
stanza in ordine durante il soggiorno nel complesso,Housekeeping,0.8201309549446862,pos,0.8357555581505304
Ottima posizione e accoglienza.,Reception,0.7140170037177161,pos,0.8092947037793643
Struttura pulita e ben organizzata.,Housekeeping,0.6511038940656844,pos,0.8362272504255586
NEL COMPLESSO CAMERA MOLTO PULITA TUTTO SOMMATO,Housekeeping,0.8536932568711907,pos,0.8840173037526019
"camera molto pulita, ma migliorabile tutto sommato",Housekeeping,0.8476715072591996,pos,0.7989498418735977
Durante il soggiorno il personale è stato inefficiente,Reception,0.7989721683227993,neg,0.5489088775073252
Parcheggio custodito convenzionato nelle vicinanze. Colazione nella norma. Unica pecca migliorabile è l'insonorizzazione delle stanze tra loro che non permette un corretto riposo,Housekeeping,0.4580938322494435,neg,0.5640630634852817
"Struttura ben rinnovata, pulita e ordinata.",Housekeeping,0.68234933746643,pos,0.8661818760929335
Il personale si è dimostrato gentile,Reception,0.9305078550318022,pos,0.7287443154095118
L'accoglienza è stata ben organizzato,Reception,0.8029651826760166,pos,0.8440822684872746
"personle SCORTESE, MA MIGLIORABILE DIREI",Reception,0.6890690100487115,neg,0.6879983018924365
"Hotel accogliente in posizione centrale. Personale cordiale, camere pulite, buona la prima colazione.",Reception,0.4398521380857747,pos,0.8571497485274364
staff gentile durante il soggiorno tutto sommato,Reception,0.7586814347107789,pos,0.8549735914725367
accoglienza fredda,Reception,0.7518020519542816,neg,0.6736264722960779
Il personale è disorganizzato,Reception,0.8727543332934076,neg,0.6587340361582181
Il personale si è dimostrato attento alle richieste,Reception,0.883741014999453,pos,0.7465069927369605
nel complesso colazione scarsa,F&B,0.8041480039457448,neg,0.6593513232067961
nel complesso piatti gustosi tutto sommato,F&B,0.7676311992311506,pos,0.8659020624948465
L'offerta gastronomica è apprezzabile,F&B,0.66242248433158,pos,0.735028261567826
La qualità del cibo è poco varia,F&B,0.898540796475032,neg,0.7347664966014804
Durante il soggiorno il personale è stato poco disponibile,Reception,0.8606986347329613,neg,0.6270792634790385
camera molto pulita durante il soggiorno nel complesso,Housekeeping,0.8675603814707462,pos,0.8667968903685583
Il servizio di ristorazione è buona,F&B,0.8283072540127758,pos,0.7448747182483572
Ottima posizione nel centro storico.,Reception,0.45675852066304534,pos,0.8078436970389358
Il personale si è dimostrato inefficiente,Reception,0.8643684725795546,neg,0.6092116168059042
Abbiamo trovato la camera ben mantenuta,Housekeeping,0.8759674633977605,pos,0.7921708429159888
La camera si presenta non pulita,Housekeeping,0.931227865826356,neg,0.609016991676786
Durante il soggiorno il cibo è ottima,F&B,0.7632855922221594,pos,0.7645278684932303
Durante il soggiorno il personale è stato disorganizzato,Reception,0.8168914741229254,neg,0.5688882477612555
Pulizia scarsa direi,Housekeeping,0.8047255947553195,neg,0.8060495407098123
La reception risulta scortese,Reception,0.8349810088999912,neg,0.7586401897647284
Il servizio di ristorazione è ottima,F&B,0.7508638185268204,pos,0.7499919538253863
Il livello di pulizia è ben curata,Housekeeping,0.8499196152746004,pos,0.7308900875592139
Il livello di pulizia è impeccabile,Housekeeping,0.8179684433852746,pos,0.6947974085569991
direi che piatti gustosi direi,F&B,0.707808501257167,pos,0.8124422215852164
L'offerta gastronomica è buona,F&B,0.7898110371947594,pos,0.7905549071827161
La qualità del cibo è apprezzabile,F&B,0.8957173534689156,pos,0.6866098454133411
La colazione è poco varia,F&B,0.7923359094677701,neg,0.7947084519491893
Il servizio di reception è scortese,Reception,0.8921847452798641,neg,0.7122124020604246
L'offerta gastronomica è ben preparata,F&B,0.5734658414425304,pos,0.8322582545279185
La colazione è ben preparata,F&B,0.6885948165476434,pos,0.8273175251265807
Camera accogliente e ottima colazione.,F&B,0.5558758197576497,pos,0.7860380419277893
DIREI CHE BUFFET ABBONDANTE NEL COMPLESSO,F&B,0.7992989554591011,pos,0.8475818732873222
direi che ambiente curato nel complesso,Housekeeping,0.7802452683453317,pos,0.8489622918987693
Camera ampia ma bagno piccolo e scomodo.,Housekeeping,0.5556817107579287,pos,0.5732652687055467
La camera è maleodorante,Housekeeping,0.8795016947505296,neg,0.6521285625231397
La reception risulta attento alle richieste,Reception,0.8043033650537341,pos,0.7535980663476594
"Si tratta di un bel hotel in centro città. Le camere sono pulite e il servizio eccellente. Colazione ricca a buffet. Non ho dato cinque stelle perché il bagno era freddo, poco riscaldato.",Housekeeping,0.4882236438453539,pos,0.5575352671524069
La camera risulta igienizzata correttamente,Housekeeping,0.8517912796561378,pos,0.7679765631886759
Abbiamo trovato la camera ben curata,Housekeeping,0.9030647462732965,pos,0.7336094427352757
"buffet abbondante, ma migliorabile",F&B,0.7672496121300186,pos,0.7417570818040273
Ambiente curato durante il soggiorno nel complesso,Housekeeping,0.7800102753356845,pos,0.8377319483445396
nel complesso staff gentile direi,Reception,0.7719738644386624,pos,0.8933457642847591
"PERSONALE DISPONIBILE, MA MIGLIORABILE NEL COMPLESSO",Reception,0.8487430022250538,pos,0.7388669917913331
"colazione buona, ma migliorabile tutto sommato",F&B,0.7447852163532714,pos,0.7451844753062714
"buffet abbondante, ma migliorabile direi",F&B,0.750048317247516,pos,0.7491235425093052
buffet abbondante tutto sommato,F&B,0.7823642280850271,pos,0.8233716423705202
servizio veloce,Reception,0.8897609079540206,pos,0.8023559628900832
L'offerta gastronomica è non soddisfacente,F&B,0.6980939404260021,neg,0.6485381313927108
"Camera essenziale ma confortevole. Buona la colazione. Fantastico il personale: tutti gentilissimi, sempre sorridenti, sempre pronti ad agevolare la permanenza in città.",Housekeeping,0.3969687903308267,pos,0.6889924987930387
"Convenzionati con parcheggio a pagamento 24h 10e, altrimenti si trova tranquillamente posto nei dintorni.",Reception,0.415961404733762,pos,0.5484904055991665
Durante il soggiorno la camera è stata ben curata,Housekeeping,0.8589416328991213,pos,0.7428994638546872
Il livello di pulizia è fresca e pulita,Housekeeping,0.8808414098028852,pos,0.7415846429872824
Camera pulita ma molto rumorosa e costi alti per servizi mediocri.,Housekeeping,0.6042944876378887,pos,0.6670866438297295
Abbiamo trovato la camera in ottime condizioni,Housekeeping,0.8935920570218856,pos,0.7757625710911782
nel complesso ambiente curato nel complesso,Housekeeping,0.6992023015407405,pos,0.8479791449423054
Il servizio di ristorazione è apprezzabile,F&B,0.75001992918439,pos,0.7022055791718576
La reception risulta poco professionale,Reception,0.751553366363426,neg,0.7408640133444153
personale disponibile durante il soggiorno nel complesso,Reception,0.8020081973637644,pos,0.7934836539230494
stanza in ordine direi,Housekeeping,0.8705575265986395,pos,0.816505920289749
colazione buona nel complesso,F&B,0.8915355162613692,pos,0.8490964169629068
personale disponibile tutto sommato,Reception,0.9250274602340998,pos,0.7711725992717281
Hotel un po' retrò nelle immediate vicinanze della stazione ferroviaria di Bari. Stanze spaziose e confortevoli. Molto pulite. Reception cortese. Buona la prima colazione.,Reception,0.5086398501710413,pos,0.7603649550044699
colazionee buona direi,F&B,0.6330767475224072,pos,0.7961554542571844
staff gentile durante il soggiorno nel complesso,Reception,0.6988478281257531,pos,0.8774802514851989
"AMBIENTE CURATO, MA MIGLIORABILE TUTTO SOMMATO",Housekeeping,0.7586877587891147,pos,0.7658594958136113
direi che cibo di qualità nel complesso,F&B,0.8916175399045272,pos,0.7790442692005773
Durante il soggiorno il cibo è non soddisfacente,F&B,0.7815104798894108,neg,0.6068030983479664
Durante il soggiorno la camera è stata ben mantenuta,Housekeeping,0.8230715737561178,pos,0.8005244307745097
Direi che staff gentile,Reception,0.8049271542498923,pos,0.8647798121313498
La camera è sporca,Housekeeping,0.949777453152199,neg,0.8167809640602214
Il personale si è dimostrato poco professionale,Reception,0.8691380430628891,neg,0.7182714287083829
QUALITÀ BASSA,F&B,0.8284866534316149,neg,0.7513367426430342
Il servizio di reception è efficiente,Reception,0.8545720399406159,pos,0.7417794334577288
direi che personale disponibile direi,Reception,0.8431287116894208,pos,0.7447796338718267
nel complesso pulizia eccellente,Housekeeping,0.8311107069616912,pos,0.8022801299792703
La camera risulta piena di polvere,Housekeeping,0.8269326801736766,neg,0.6605238201233854
accoglienza fredda durante il soggiorno direi,Reception,0.6300468786498826,neg,0.5849373114243871
L'accoglienza è stata lento,Reception,0.8622017735670996,neg,0.6224627134410302
"STANZA TRASCURATA, MA MIGLIORABILE",Housekeeping,0.7968936214426033,neg,0.7552444413791761
Durante il soggiorno la camera è stata sporca,Housekeeping,0.8871318261161755,neg,0.7120313193635859
Il personale è molto disponibile,Reception,0.9166787267832233,pos,0.8408797078428196
"ambiente poco pulito, ma migliorabile direi",Housekeeping,0.6903164234293605,neg,0.7155761112683959
"ambiente curato, ma migliorabile nel complesso",Housekeeping,0.7640151686131931,pos,0.7972136475167911
La colazione è soddisfacente,F&B,0.8569352164509539,pos,0.625197737939641
"Stanze grandi anche se di stile vecchio, ma non mi importa data la posizione centrale, comoda e vicino alla stazione ed al teatro Petruzzelli. Soggiorno piacevole. Pulito. Colazione abbondante.",Housekeeping,0.4595738995949682,pos,0.6116766173004144
cibo di qualità durante il soggiorno nel complesso,F&B,0.9019457777554949,pos,0.7632830079732126
L'offerta gastronomica è poco varia,F&B,0.6841797017101581,neg,0.7717940127377791
La camera si presenta maleodorante,Housekeeping,0.8834347110035041,neg,0.6080744277065836
Durante il soggiorno il personale è stato attento alle richieste,Reception,0.8425660711625405,pos,0.7661505224120831
La camera si presenta piena di polvere,Housekeeping,0.8693826777066034,neg,0.6497011086586257
Abbiamo trovato la camera maleodorante,Housekeeping,0.8741198652508654,neg,0.5906217916467905
Il servizio di reception è poco disponibile,Reception,0.8866691557235512,neg,0.6670778809504602
camera sporca durante il soggiorno nel complesso,Housekeeping,0.8156076892881954,neg,0.601680216470927
L'offerta gastronomica è scarsa,F&B,0.6360994540591042,neg,0.782456641166128
Il personale si è dimostrato professionale,Reception,0.8958553087611333,pos,0.5905552951583617
La camera si presenta impeccabile,Housekeeping,0.8933424987234492,pos,0.691922590322049
nel complesso piatti gustosi direi,F&B,0.8078841233559008,pos,0.8643280647744234
Durante il soggiorno la camera è stata piena di polvere,Housekeeping,0.8103492263816559,neg,0.6315200943616219
Il buffet è di qualità,F&B,0.9451979389688407,pos,0.7055404128619273
"PULIZIA ECCELLENTE, MA MIGLIORABILE NEL COMPLESSO",Housekeeping,0.7711653152242127,pos,0.7359831195859459
Durante il soggiorno il personale è stato ben organizzato,Reception,0.7967318735580036,pos,0.8086682381558351
L'offerta gastronomica è deludente,F&B,0.6771985957522167,neg,0.6268184130071331
Hotel abbastanza semplice e privo di fascino. Le camere sono arredate in modo semplice ma molto pulite. Vicino alla stazione ferroviaria ea pochi passi dal centro storico.,Housekeeping,0.561630307131328,pos,0.7457183507629929
pulizia eccellente tutto sommato,Housekeeping,0.8235721978778261,pos,0.7629445974146084
Il personale è poco disponibile,Reception,0.9160465890652432,neg,0.7317122181058346
Durante il soggiorno la camera è stata con scarsa igiene,Housekeeping,0.8123233689639505,neg,0.7893428529238662
Il livello di pulizia è poco curata,Housekeeping,0.8388393996967383,neg,0.7576437971072403
L'offerta gastronomica è ottima,F&B,0.6685104080508922,pos,0.7936516680164853
Il servizio di ristorazione è poco varia,F&B,0.7659019251497062,neg,0.7316857226387359
Ambiente curato nel complesso,Housekeeping,0.8181139927838619,pos,0.8552462854594237
Durante il soggiorno la camera è stata perfettamente ordinata,Housekeeping,0.8028293592586916,pos,0.7086906109068756
La qualità del cibo è non soddisfacente,F&B,0.9006978944493469,neg,0.6305263626996862
Personale gentilissimo e disponibile.,Reception,0.8744624806932303,pos,0.7350438151055032
Il servizio di ristorazione è non soddisfacente,F&B,0.7767249271451123,neg,0.6234910309359698
direi che stanza trascurata direi,Housekeeping,0.7500245626124071,neg,0.6196621688878766
DIREI CHE PULIZIA SCARSA NEL COMPLESSO,Housekeeping,0.7102214083537156,neg,0.6264958682429151
Durante il soggiorno il personale è stato lento,Reception,0.8412271977080243,neg,0.6080359918172005
Il personale è professionale,Reception,0.9020245778568172,pos,0.6406484424201858
"stanza trascurata, ma migliorabile nel complesso",Housekeeping,0.7431627024848594,neg,0.6421322381887745
direi che accoglienza cordiale nel complesso,Reception,0.756703031231034,pos,0.8303526636408511
Il servizio di ristorazione è di qualità,F&B,0.8608801406998605,pos,0.6444886645533231
Abbiamo trovato la camera piena di polvere,Housekeeping,0.8606512114175867,neg,0.635946636136034
La qualità del cibo è fredda,F&B,0.8864434924193246,neg,0.6594629209966091
La camera si presenta fresca e pulita,Housekeeping,0.9293924944252921,pos,0.73919959003404
"Siamo stati accolti alla reception con freddezza, in uscita ed entrata Scarseggiano i saluti mancano I sorrisi , prezzi consigliati da booking sono inferiori , parola d'ordine addebito carta di credito ,camera confortevole ,sodfisfacente la colazione . Spero si ravvedano x la soddisfazione dei clienti.",Housekeeping,0.47504569806451324,pos,0.6289691432232029
direi che piatti gustosi,F&B,0.7653255802965784,pos,0.8285339811958291
Durante il soggiorno il cibo è di bassa qualità,F&B,0.9156166776354607,neg,0.5926336315259471
La camera è in ottime condizioni,Housekeeping,0.8836212185081702,pos,0.8091373440142424
buffet abbondante durante il soggiorno nel complesso,F&B,0.8162319960706359,pos,0.8359598362867838
Il buffet è soddisfacente,F&B,0.8732524895522713,pos,0.6732614326247964
Durante il soggiorno il cibo è varia e gustosa,F&B,0.8079977701571829,pos,0.6888939035767545
direi che camera sporca tutto sommato,Housekeeping,0.8152492424354774,neg,0.6225712551758147
pulizia eccellente durante il soggiorno,Housekeeping,0.8469010176979219,pos,0.7312104476403402
L'offerta gastronomica è varia e gustosa,F&B,0.737599191089452,pos,0.6969258928769141
nel complesso personle disponibile tutto sommato,Reception,0.6671137362211808,pos,0.7746127258769638
"Hotel con ZERO insonorizzazione, molto rumoroso. La camera era pulita e internet era veloce ma il rumore era estremamente fastidioso.",Housekeeping,0.6232586822007302,pos,0.5574260815646408
L'offerta gastronomica è fredda,F&B,0.6128776646854354,neg,0.6945065491113643
La colazione è di bassa qualità,F&B,0.9384113024911533,neg,0.6562826468346508
"Hotel grande con tutti i dettagli ma personale incredibilmente disponibile. Ottima colazione a buffet. Abbiamo trascorso una notte qui prima di imbarcarci sul traghetto per la Grecia, servizi eccellenti e un'ottima notte di sonno nonostante l'ondata di caldo. A pochi passi sia dalla stazione che dal porto.",Reception,0.5200010606940683,pos,0.7390049535273081
Durante il soggiorno la camera è stata molto pulita,Housekeeping,0.9170289696917459,pos,0.7920346681875313
Il servizio di reception è lento,Reception,0.8671706505290382,neg,0.6480110227459066
La camera si presenta poco curata,Housekeeping,0.9032562110483315,neg,0.760228796207866
Camera grande ma bagno piccolo e rumoroso.,Housekeeping,0.5429464318004722,pos,0.5417486849931833
Abbiamo trovato la camera perfettamente ordinata,Housekeeping,0.8594182611415074,pos,0.7000346775654749
Il servizio di ristorazione è scarsa,F&B,0.7552509879628759,neg,0.724587008516664
Il buffet è di bassa qualità,F&B,0.94534929270463,neg,0.6096251685306673
"cibo freddo, ma migliorabile direi",F&B,0.6717331677898117,neg,0.5472011538113145
La colazione è di qualità,F&B,0.9373167638869371,pos,0.6599345813091513
Abbiamo trovato la camera igienizzata correttamente,Housekeeping,0.8815643001887994,pos,0.7497713917236853
"colazione scarsa, ma migliorabile",F&B,0.7021901630075519,neg,0.7886904819731665
"pulizia eccellente, ma migliorabile direi",Housekeeping,0.7930789367116731,pos,0.6782572914143313
La camera è non pulita,Housekeeping,0.938260489079203,neg,0.6507910687655235
accoglienza cordiale durante il soggiorno tutto sommato,Reception,0.7860480094673225,pos,0.7883481876689521
Staff gentile tutto sommato,Reception,0.8413144828226948,pos,0.872878053277663
"Buona posizione, si raggiunge un po' tutto a piedi.",Reception,0.5675421760653415,pos,0.7697379535539361
La reception risulta inefficiente,Reception,0.737968365216536,neg,0.6283047863658597
piatti gustosi durante il soggiorno tutto sommato,F&B,0.7307733430097524,pos,0.8224850268282915
Il livello di pulizia è pulita e ordinata,Housekeeping,0.9032947566383829,pos,0.7479048904872826
La reception risulta ben organizzato,Reception,0.7323703005936063,pos,0.8050159742416264
Durante il soggiorno il cibo è deludente,F&B,0.7684868860568597,neg,0.5808327340689086
Personale gentile e cortese.,Reception,0.8762240787990483,pos,0.8307276655365373
nel complesso accoglienza cordiale,Reception,0.820155505526018,pos,0.8343264939333248
colazione buona durante il soggiorno,F&B,0.8589798120180249,pos,0.7845684597873859
stanza trascurata durante il soggiorno tutto sommato,Housekeeping,0.7619079844837824,neg,0.6203338605445159
Il livello di pulizia è con scarsa igiene,Housekeeping,0.7985099404057092,neg,0.8012016491329267
Il personale è gentile,Reception,0.9486823583948475,pos,0.8182274843470819
Il servizio di ristorazione è fredda,F&B,0.7046330724376537,neg,0.6536448195395612
La camera è impeccabile,Housekeeping,0.8928287062260606,pos,0.7425715385010747
La camera risulta impeccabile,Housekeeping,0.8586944990971034,pos,0.7183914916154769
"servizio veloce, ma migliorabile nel complesso",Reception,0.7498007349031166,pos,0.7764143142084219
"Con la mia famiglia abbiamo partecipate a DJTen.Ottimo hotel,vicino al centro storico ed alla stazione dei treni.Pulito,staff gentile la colazione molto varia e gustosa(anche la pizza barese).Molto gradita la palestra al 5 piano.",F&B,0.3385239156486722,pos,0.7428315826820825
L'accoglienza è stata disorganizzato,Reception,0.835377382846914,neg,0.5754467463438886
Durante il soggiorno la camera è stata igienizzata correttamente,Housekeeping,0.8340623596011038,pos,0.7578980294022533
L'accoglienza è stata molto disponibile,Reception,0.873255569583613,pos,0.826023308836235
La qualità del cibo è buona,F&B,0.9390675060048234,pos,0.72766809741206
La camera risulta con scarsa igiene,Housekeeping,0.8286303535670261,neg,0.8216598530619725
Il livello di pulizia è piena di polvere,Housekeeping,0.7742943250718419,neg,0.6313472875165262
L'accoglienza è stata gentile,Reception,0.908079318093173,pos,0.800939627990012
Personale poco cordiale ma struttura pulita e vicino alla stazione.,Reception,0.6393830825505793,pos,0.5120021884013596
cibo freddo tutto sommato,F&B,0.7000131377582682,pos,0.5305371744216373
DIREI CHE COLAZIONE BUONA NEL COMPLESSO,F&B,0.8387268099190213,pos,0.840266816739192
L'accoglienza è stata cordiale,Reception,0.8937254404644165,pos,0.7586463918759623
staff gentile nel complesso,Reception,0.7908454247553183,pos,0.8965620324457674
"accoglienza cordiale, ma migliorabile tutto sommato",Reception,0.8295294470269929,pos,0.7404191858619655
direi che personale disponibile tutto sommato,Reception,0.8667584162716437,pos,0.7736911711563507
direi che servizio veloce direi,Reception,0.7501530657111527,pos,0.7801886046508706
Cibo di qualità,F&B,0.9514054449242874,pos,0.7052213678018393
L'accoglienza è stata poco professionale,Reception,0.8210883736944924,neg,0.6789195696749688
"servizio lento, ma migliorabile direi",Reception,0.7486451593860904,neg,0.6446210808375059
Il servizio di reception è gentile,Reception,0.9075589927691817,pos,0.7727746385060162
direi che personale disponibile nel complesso,Reception,0.824790043694873,pos,0.8087747823087064
personale disponibile direi,Reception,0.9444628169211443,pos,0.7612290851989693
La colazione è deludente,F&B,0.7962455202205427,neg,0.6548324347569465
Abbiamo trovato la camera fresca e pulita,Housekeeping,0.92307202000164,pos,0.74395682378704
La reception risulta lento,Reception,0.8001117916533655,neg,0.695588431071527
nel complesso buffet abbondante tutto sommato,F&B,0.7908886564287135,pos,0.855385590617251
Il livello di pulizia è igienizzata correttamente,Housekeeping,0.8244160180658715,pos,0.7475104862859662
nel complesso camera sporca,Housekeeping,0.8647692386521505,neg,0.6591026123147443
stanza in ordine durante il soggiorno tutto sommato,Housekeeping,0.8200697068278535,pos,0.8108331894546209
L'accoglienza è stata efficiente,Reception,0.8501675215146401,pos,0.7693208760077516
Il servizio di ristorazione è di bassa qualità,F&B,0.8893510283943026,neg,0.5925462495304732
Il servizio di ristorazione è ben preparata,F&B,0.6881911878976839,pos,0.7989252945244377
nel complesso ambiente poco pulito,Housekeeping,0.7127867467019517,neg,0.6302965683031567
L'offerta gastronomica è di bassa qualità,F&B,0.8955260541827887,neg,0.6322931273254601
camera molto pulita durante il soggiorno tutto sommato,Housekeeping,0.8661696065066228,pos,0.841134459514691
nel complesso stanza in ordine direi,Housekeeping,0.8255917019485288,pos,0.8495123022938307
nel complesso buffet abbondante direi,F&B,0.8317597227651535,pos,0.8533282637212415
La camera risulta trascurata,Housekeeping,0.9207599539634881,neg,0.7459300539927072
Abbiamo trovato la camera non pulita,Housekeeping,0.9234853924723709,neg,0.5918966438793567
Durante il soggiorno la camera è stata impeccabile,Housekeeping,0.8294652405616011,pos,0.7088929336461246
poca scelta durante il soggiorno nel complesso,F&B,0.6473332132618033,neg,0.5239827505035073
Durante il soggiorno il personale è stato gentile,Reception,0.8806580604809507,pos,0.7546957771117455
"personale disponibile, ma migliorabile tutto sommato",Reception,0.8849469063170792,pos,0.6978041117749311
Durante il soggiorno il personale è stato efficiente,Reception,0.8298413914008589,pos,0.7294466744839377
nel complesso pulizia scarsa tutto sommato,Housekeeping,0.690749390107959,neg,0.6157125896595481
Il buffet è non soddisfacente,F&B,0.8217434477010316,neg,0.6263906745998564
Il servizio di ristorazione è soddisfacente,F&B,0.807307369094205,pos,0.6229114538065109
L'accoglienza è stata attento alle richieste,Reception,0.8499980072003717,pos,0.7928070119923604
nel complesso cibo di qualità nel complesso,F&B,0.8619091707705739,pos,0.7890415828977531
Il livello di pulizia è trascurata,Housekeeping,0.8814790405441295,neg,0.7101370021463358
"Ho soggiornato una notte all'hotel Adria, devo dire che è stato una piacevole sorpresa. Camera spaziosa, colazione ottima e abbondante. Pulizia buona. Posizione ottima per visitare la città soprattutto per chi si sposta in treno.",Housekeeping,0.5474039902072462,pos,0.794685295136908
Camera molto pulita,Housekeeping,0.956500642215981,pos,0.8707259195915473
"Ottima posizione, ottima colazione, mobili un po' datati ma bagni moderni.",F&B,0.34143407232466505,pos,0.7783080965458935
La camera risulta poco curata,Housekeeping,0.8726228987176334,neg,0.786814334491671
nel complesso personale scortese,Reception,0.8644669010091405,neg,0.6239987555416266
"attesa lunga, ma migliorabile tutto sommato",Reception,0.7292135446514779,neg,0.6612118868432726
Durante il soggiorno il cibo è apprezzabile,F&B,0.7586156261043973,pos,0.7176234838293006
direi che qualità bassa direi,F&B,0.6820544278842673,neg,0.5891265570275608
Il buffet è apprezzabile,F&B,0.8090147783881407,pos,0.7590030420947786
staff gentile,Reception,0.879563324991394,pos,0.879296049877291
camra molto pulita,Housekeeping,0.7580351913764236,pos,0.813247051050287
La camera si presenta sporca,Housekeeping,0.933646703518674,neg,0.7340755640284017
personale scortese durante il soggiorno tutto sommato,Reception,0.8218338188456994,neg,0.6149516989653072
La camera è ben mantenuta,Housekeeping,0.8702147214126305,pos,0.8393969772017167
La camera si presenta con scarsa igiene,Housekeeping,0.8705474353338013,neg,0.8031245464526888
La colazione è ottima,F&B,0.8026047805145349,pos,0.786189954312199
direi che ambiente curato tutto sommato,Housekeeping,0.7784307331939748,pos,0.8228601506427776
Il buffet è poco varia,F&B,0.8160070718560528,neg,0.7550687291559133
Direi che pulizia eccellente tutto sommato,Housekeeping,0.7846230714907374,pos,0.7686009434021089
Il personale è ben organizzato,Reception,0.8328708976829249,pos,0.8549641603679181
La camera è con scarsa igiene,Housekeeping,0.841976580990342,neg,0.8429329012050875
Il livello di pulizia è in ottime condizioni,Housekeeping,0.8454846060978574,pos,0.7741463679044263
La camera si presenta in ottime condizioni,Housekeeping,0.8988097016728013,pos,0.7722958459576388
direi che stanza in ordine nel complesso,Housekeeping,0.8199281240286818,pos,0.8461063916607079
stanza in ordine durante il soggiorno,Housekeeping,0.8624903427430985,pos,0.8000811109384166
direi che poca scelta tutto sommato,F&B,0.5458982774368466,neg,0.543083342151703
Accoglienza cordiale,Reception,0.9003351441520243,pos,0.7924396374332827
NEL COMPLESSO QUALITÀ BASSA,F&B,0.8169988985148819,neg,0.590904970597773
nel complesso personale disponibile tutto sommato,Reception,0.857776998927916,pos,0.8188881234466698
La qualità del cibo è soddisfacente,F&B,0.9257719570678676,pos,0.6075379026107166
colazione buona direi,F&B,0.88330070639095,pos,0.8100319278372792
L'accoglienza è stata scortese,Reception,0.8896228985425746,neg,0.6899072700716345
NEL COMPLESSO COLAZIONE BUONA TUTTO SOMMATO,F&B,0.8286114460733082,pos,0.8488776486114784
Durante il soggiorno il cibo è poco varia,F&B,0.7724660691997555,neg,0.7171219911495839
Il personale si è dimostrato lento,Reception,0.8984166889939151,neg,0.6713856792170816
servizio veloce durante il soggiorno direi,Reception,0.7586815651780686,pos,0.7825607350539429
"stanza in ordine, ma migliorabile tutto sommato",Housekeeping,0.801813044659981,pos,0.770561303649035
pulizia eccellente durante il soggiorno direi,Housekeeping,0.8163405747631394,pos,0.7394494193641986
piatti gustosi direi,F&B,0.8040541750615221,pos,0.8350594392605598
colazione buona durante il soggiorno tutto sommato,F&B,0.7945809790184148,pos,0.7961202690375783
piatti gustosi,F&B,0.8290681691444254,pos,0.8367574706719064
pulizia eccellente nel complesso,Housekeeping,0.8311107069616912,pos,0.8022801299792703
piatti gustosi durante il soggiorno nel complesso,F&B,0.7959477466067325,pos,0.8482951513853642
buffet abbondante direi,F&B,0.8353653269419219,pos,0.8196315567133212
La camera è igienizzata correttamente,Housekeeping,0.872120519297033,pos,0.7864386050406227
La reception risulta gentile,Reception,0.8601379102597543,pos,0.7424764994403551
personale scortese durante il soggiorno direi,Reception,0.832888572813888,neg,0.6633867030123627
"staff gentile, ma migliorabile tutto sommato",Reception,0.8068509286821447,pos,0.8180091986006317
B&B con gestione assente e servizi limitati.,Reception,0.556292220135011,neg,0.5508105846885443
Buona posizione ma colazione e pulizia migliorabili.,F&B,0.5392840016370645,pos,0.6471183799163451
ambiente curato,Housekeeping,0.8825755776113463,pos,0.8219869010899431
Il personale si è dimostrato molto disponibile,Reception,0.9086456146641931,pos,0.7643927820307895
cibo di qualità durante il soggiorno tutto sommato,F&B,0.8608207166299061,pos,0.7264948475237347
La camera risulta ben curata,Housekeeping,0.8831185657728369,pos,0.7547674282586431
Durante il soggiorno il cibo è fredda,F&B,0.7270135977744736,neg,0.6355795676733841
La camera si presenta ben mantenuta,Housekeeping,0.8836835863224703,pos,0.7893162778070899
ambiente curato durante il soggiorno,Housekeeping,0.8353555060867808,pos,0.8004708323388919
Il buffet è buona,F&B,0.9008952246388781,pos,0.8145306547941713
Durante il soggiorno il cibo è soddisfacente,F&B,0.8157848510132947,pos,0.6411903950333683
Abbiamo trovato la camera pulita e ordinata,Housekeeping,0.9386739757585814,pos,0.7500152345748612
"accoglienza cordiale, ma migliorabile direi",Reception,0.8380016987609702,pos,0.7259244713569271
La camera risulta pulita e ordinata,Housekeeping,0.9319682704784007,pos,0.7739797114367596
direi che camera molto pulita direi,Housekeeping,0.8540503850439292,pos,0.8300910527221351
Stanza in ordine tutto sommato,Housekeeping,0.8452293940476073,pos,0.8220846516573871
La qualità del cibo è di qualità,F&B,0.9321429480241947,pos,0.6290186885311335
direi che cibo freddo,F&B,0.7144128827931906,pos,0.5173929090626125
"Ambiente curato, ma migliorabile direi",Housekeeping,0.7857937055447198,pos,0.7541567433014882
Durante il soggiorno la camera è stata maleodorante,Housekeeping,0.8150922777130154,neg,0.5848957153960699
direi che attesa lunga tutto sommato,Reception,0.6992580181990182,neg,0.5912518687801467
direi che camera molto pulita nel complesso,Housekeeping,0.8675531853974504,pos,0.8769876196114238
La colazione è scarsa,F&B,0.7604424369496194,neg,0.8128262147167397
Hotel molto comodo al centro. Stanze pulite e spaziose... Noi ci siamo trovati molto bene. Il ragazzo alla reception molto gentile. Consigliatissimo,Reception,0.5407007604071429,pos,0.7798806836528246
L'accoglienza è stata professionale,Reception,0.8579623090706614,pos,0.6660331870650888
Hotel pulito e in posizione strategica.,Housekeeping,0.5262719609548602,pos,0.6809109515217437
Il livello di pulizia è perfettamente ordinata,Housekeeping,0.7910853109622227,pos,0.6962155172188585
piatti gustosi nel complesso,F&B,0.8250701859405969,pos,0.8657896551283693
Il personale si è dimostrato scortese,Reception,0.9179444159885325,neg,0.72939897873403
La colazione è fredda,F&B,0.7623801943059122,neg,0.7242761644259494
Il servizio di reception è poco professionale,Reception,0.8358321836853817,neg,0.7000046071777248
"poca scelta, ma migliorabile nel complesso",F&B,0.5993708729458856,neg,0.5811491013899317
La reception risulta efficiente,Reception,0.7847180561535666,pos,0.7100512901384607
La camera si presenta trascurata,Housekeeping,0.9352139211174065,neg,0.713353286121312
Il servizio di reception è inefficiente,Reception,0.8236378825239687,neg,0.5801030040245587
Il servizio di reception è molto disponibile,Reception,0.8901815043878706,pos,0.8024932919202556
La camera si presenta pulita e ordinata,Housekeeping,0.9446861024437931,pos,0.7454742362749404
Il personale è efficiente,Reception,0.8886097217744208,pos,0.7732540508277481
"camera sporca, ma migliorabile",Housekeeping,0.8594607267428342,neg,0.7904452941220992
"attesa lunga, ma migliorabile",Reception,0.7423526343985735,neg,0.7253650301388166
Il buffet è deludente,F&B,0.8190767928553587,neg,0.6014247311449668
Il personale si è dimostrato efficiente,Reception,0.8895249219026795,pos,0.7003747882943984
La qualità del cibo è di bassa qualità,F&B,0.9430643357823691,neg,0.5933601255055456
Abbiamo trovato la camera impeccabile,Housekeeping,0.8842344565670839,pos,0.698847082169299
Camera confortevole e accogliente.,Housekeeping,0.6725918027065194,pos,0.6872365774128931
ambiente poco pulito durante il soggiorno tutto sommato,Housekeeping,0.6920338285011272,neg,0.6286955003055233
Il personale si è dimostrato poco disponibile,Reception,0.9107297659074836,neg,0.6885081526654084
Il personale è attento alle richieste,Reception,0.8628567171906472,pos,0.7910413297121743
Camere pulite e personale cortese.,Reception,0.4704187783396234,pos,0.7319489635753675
camera molto pulita durante il soggiorno,Housekeeping,0.9149464466226692,pos,0.8384284759182205
La qualità del cibo è varia e gustosa,F&B,0.9117229721696043,pos,0.6611148167919881
direi che ambiente curato,Housekeeping,0.8336147260328296,pos,0.8153332519369682
Pulizia scarsa durante il soggiorno,Housekeeping,0.7822996404395033,neg,0.7712299468233325
direi che pulizia scarsa direi,Housekeeping,0.7109249171625271,neg,0.6811443041167256
La colazione è apprezzabile,F&B,0.7840406763441371,pos,0.7235626008711517
nel complesso pulizia eccellente direi,Housekeeping,0.7976339993989671,pos,0.8043667845731887
"cibo di qualità, ma migliorabile tutto sommato",F&B,0.8272112379845731,pos,0.6679544052318239
La camera risulta in ottime condizioni,Housekeeping,0.8670444095939948,pos,0.7928873238181137
Il livello di pulizia è ben mantenuta,Housekeeping,0.8123404846801071,pos,0.7913032221110725
Direi che cibo di qualità direi,F&B,0.8409329516154269,pos,0.7159139733654216
Il buffet è fredda,F&B,0.7768834375786999,neg,0.6711688459579118
La reception risulta molto disponibile,Reception,0.8154683736286723,pos,0.7781237985530802
Il personale si è dimostrato disorganizzato,Reception,0.8789135053904062,neg,0.6300140200098818
"qualità bassa, ma migliorabile tutto sommato",F&B,0.6524177540153463,neg,0.65122011808685
La camera è perfettamente ordinata,Housekeeping,0.844465382650036,pos,0.7316696427949518
Durante il soggiorno il personale è stato professionale,Reception,0.8356160941820209,pos,0.6351694463404465
Il livello di pulizia è sporca,Housekeeping,0.879191588907298,neg,0.730987356946089
Il livello di pulizia è non pulita,Housekeeping,0.8782947644911051,neg,0.6056270912922477
direi che camera sporca direi,Housekeeping,0.803833097757225,neg,0.640863112057978
"servizio veloce, ma migliorabile direi",Reception,0.8134596259846955,pos,0.7263607471051378
La camera è molto pulita,Housekeeping,0.9655484354424928,pos,0.845144445517698
"pulizia scarsa, ma migliorabile nel complesso",Housekeeping,0.6964950716782687,neg,0.7061802019336699
Durante il soggiorno il cibo è di qualità,F&B,0.89871610576167,pos,0.6671583384490111
"colazione scarsa, ma migliorabile tutto sommato",F&B,0.6389754466787325,neg,0.7035182807484704
Abbiamo trovato la camera con scarsa igiene,Housekeeping,0.8619881901105271,neg,0.7907608606845035
NEL COMPLESSO QUALITÀ BASSA DIREI,F&B,0.7958070112258521,neg,0.5555906180922701
nel complesso personale scortese tutto sommato,Reception,0.8305274227464602,neg,0.53825135546494
Durante il soggiorno il cibo è scarsa,F&B,0.7450875124644758,neg,0.7076361089265018
servizio veloce direi,Reception,0.8611679978867435,pos,0.8017427586786428
Durante il soggiorno la camera è stata in ottime condizioni,Housekeeping,0.8529768829527217,pos,0.7829901340013724
Durante il soggiorno la camera è stata pulita e ordinata,Housekeeping,0.9094030520797228,pos,0.7594579952319417
La camera risulta sporca,Housekeeping,0.9184397701830534,neg,0.7683791337536986
La camera risulta ben mantenuta,Housekeeping,0.8446255232186708,pos,0.8161296372849921
"Hotel nella norma, stanza piccolissima. Servizio ristorante pessimo.",Reception,0.4140781290306949,pos,0.5647339154296883
La qualità del cibo è scarsa,F&B,0.8908409604194975,neg,0.7271406700879068
qualità bassa tutto sommato,F&B,0.7335605736821511,neg,0.637946658254425
"Ci vado spesso per lavoro non per mia scelta . Hotel abbastanza pulito ma il portiere di notte deve cambiare mestiere, gli dico di mettere la sveglia al mattino e non ti chiama. Letti fanno piangere al mattino ti svegli tutto storto meglio che dormivi sulla sedia. Stanze senza finestra bagno senza finestra. Cmq è un pessimo hotel. Peccato che ci devo sempre venire non per mia scelta",Housekeeping,0.3523586088537763,neg,0.5614996820592921
La camera è trascurata,Housekeeping,0.9512253032408531,neg,0.7936878727778065
camera sporca tutto sommato,Housekeeping,0.8604064371539359,neg,0.7031504449399233
La colazione è non soddisfacente,F&B,0.7982401116693124,neg,0.6726153664562928
La qualità del cibo è ben preparata,F&B,0.8498238091731174,pos,0.7858003674473371
La camera è poco curata,Housekeeping,0.9009364575089885,neg,0.8206256317567064
nel complesso cibo di qualità tutto sommato,F&B,0.8869056896524261,pos,0.7892253496455172
"Gli do 3 stelle solo per la vicinanza a tutto. Camere pulite, letto duro e rumore dei treni durante la notte che impediscono di dormire. Ciliegina sulla torta, la colazione, RIDICOLA!!!!",Housekeeping,0.4563905572807261,pos,0.6421499979554705
servizio veloce durante il soggiorno nel complesso,Reception,0.6859320373725208,pos,0.822384793430419
Durante il soggiorno il cibo è buona,F&B,0.8399024395817712,pos,0.7599725146289588
"stanza in ordine, ma migliorabile direi",Housekeeping,0.8237587302841372,pos,0.7596020662802814
"COLAZIONE SCARSA, MA MIGLIORABILE DIREI",F&B,0.6854929137252134,neg,0.7511361583921199
nel complesso accoglienza cordiale tutto sommato,Reception,0.7940801986138002,pos,0.8385194524748741
personale scortese durante il soggiorno,Reception,0.8533766798687756,neg,0.7028657610146323
Il personale è scortese,Reception,0.9319574388846272,neg,0.7959513730414531
Durante il soggiorno la camera è stata poco curata,Housekeeping,0.848053348712348,neg,0.741753527189035
La camera risulta fresca e pulita,Housekeeping,0.9099596286418818,pos,0.7654220445281832
"stanza trascurata, ma migliorabile tutto sommato",Housekeeping,0.7384256461780556,neg,0.6780360336438649
Terribile. Sono stato derubato di tutti i miei effetti personali e valigie mentre andavo in questo hotel e quando ho chiamato per dire loro che non potevo rimanere perché non avevo effetti personali e non avrebbero cancellato la mia prenotazione e comunque mi hanno addebitato - servizio clienti TERRIBILE.,Reception,0.5473862274565718,neg,0.6059948697680566
direi che stanza in ordine direi,Housekeeping,0.8103571847625086,pos,0.8018350813996574
"Ottima colazione, pulito e ordinato.",F&B,0.6434443106455011,pos,0.7198959779720189
B&B con disagi e costi extra.,Reception,0.5351610109550363,neg,0.5526924545474938
Nel complesso servizio veloce nel complesso,Reception,0.6406804546289588,pos,0.83501796653442
servizio lento tutto sommato,Reception,0.7773893000367155,neg,0.5771441380726084
camera sporca,Housekeeping,0.9362907271282889,neg,0.8274956440793291
Durante il soggiorno il personale è stato poco professionale,Reception,0.8106601997134563,neg,0.6604261186011763
Abbiamo trovato la camera trascurata,Housekeeping,0.9272574710260589,neg,0.6935734238810976
La camera è ben curata,Housekeeping,0.9093305951398485,pos,0.7780088051445062
La qualità del cibo è deludente,F&B,0.9007689353355052,neg,0.6072533519987768
piatti gustosi tutto sommato,F&B,0.7526876361419402,pos,0.8378000926287285
Durante il soggiorno il cibo è ben preparata,F&B,0.6922031596248361,pos,0.8095751376156357
direi che pulizia eccellente nel complesso,Housekeeping,0.7887697886867376,pos,0.8014453013309748
nel complesso stanza trascurata tutto sommato,Housekeeping,0.7392512538102456,neg,0.5491075237824701
La camera si presenta perfettamente ordinata,Housekeeping,0.867169788118551,pos,0.6936958466024686
Durante il soggiorno il personale è stato cordiale,Reception,0.867627314694696,pos,0.7161859517004223
AMBIENTE CURATO DIREI,Housekeeping,0.8477618906244659,pos,0.821191344881104
Abbiamo trovato la camera poco curata,Housekeeping,0.8957662718357357,neg,0.7437355883381775
personale disponibile durante il soggiorno tutto sommato,Reception,0.8493879518985399,pos,0.7568152456884032
"Tutto perfetto. Pulizia, ordine e cortesia.",Housekeeping,0.7437287760254117,pos,0.7278508405310542
Abbiamo trovato la camera sporca,Housekeeping,0.9257493739036418,neg,0.7144033840097481
"personale scortese, ma migliorabile nel complesso",Reception,0.8212781774031995,neg,0.6384828326742443
Abbiamo trovato la camera molto pulita,Housekeeping,0.9455285141142415,pos,0.7821925073666013
Il personale è poco professionale,Reception,0.8560778108865886,neg,0.7600422960362894
Il buffet è ottima,F&B,0.8239225988234342,pos,0.8164059733746432
direi che buffet abbondante,F&B,0.7926044777679248,pos,0.8130420282201781
nel complesso cibo freddo nel complesso,F&B,0.7193377150773447,pos,0.657134155614512
direi che servizio veloce tutto sommato,Reception,0.7772024255981971,pos,0.8055791065838206
La camera risulta perfettamente ordinata,Housekeeping,0.8215932067617522,pos,0.7148080045388834
"Staff gentile, ma migliorabile nel complesso",Reception,0.7572860508563677,pos,0.8444909202044454
"Hotel molto rumoroso, clienti insoddisfatti, richieste ignorate.",Reception,0.596674629979364,pos,0.6001456210828935
Il personale si è dimostrato cordiale,Reception,0.9206329397468975,pos,0.6837353150087079
"camera molto pulita, ma migliorabile",Housekeeping,0.9000391895035079,pos,0.7875802501916649
camera molto pulita durante il soggiorno direi,Housekeeping,0.8908166252250302,pos,0.8378536080421559
La camera si presenta molto pulita,Housekeeping,0.9510778167438344,pos,0.7791092691521758
L'accoglienza è stata inefficiente,Reception,0.8140524231827848,neg,0.5518076549437003
Servizio veloce tutto sommato,Reception,0.8436354558028357,pos,0.8070649565309199
Il servizio di ristorazione è varia e gustosa,F&B,0.8011983215751165,pos,0.6745472765044596
NEL COMPLESSO BUFFET ABBONDANTE NEL COMPLESSO,F&B,0.775431721167884,pos,0.8462115093837809
"attesa lunga, ma migliorabile direi",Reception,0.7303715435621466,neg,0.6977125474313752
La reception risulta poco disponibile,Reception,0.825151740836741,neg,0.7121638156680258
Direi che piatti gustosi nel complesso,F&B,0.7778000971791489,pos,0.8588131182526022
Camere pulite e posizione eccellente.,Housekeeping,0.6932687540143511,pos,0.8037195633915489
La camera risulta non pulita,Housekeeping,0.9137610181258412,neg,0.6240221386629653
nel complesso ambiente curato,Housekeeping,0.8181139927838619,pos,0.8552462854594237
"Posizione centrale, personale disponibile e cordiale, pulizia buona.",Reception,0.7915552385405344,pos,0.8487333877129243
STAFF GENTILE DIREI,Reception,0.8559031891442695,pos,0.874178208496122
La camera è piena di polvere,Housekeeping,0.8404198160266549,neg,0.677213952917405
L'offerta gastronomica è soddisfacente,F&B,0.7501134363609496,pos,0.6439724169752103
qualità bassa durante il soggiorno tutto sommato,F&B,0.7077377771463541,neg,0.5889320970144178
Il servizio di reception è disorganizzato,Reception,0.8409017704105816,neg,0.6027970527805584
Sono ritornato in questo albergo a distanza di anni e ho apprezzato la ristrutturazione che lo ha reso ancora più confortevole. Posizione centralissima e personale efficiente e molto cortese. Tariffe un po' troppo elevate.,Reception,0.5977770687322433,pos,0.7899401917797018
Durante il soggiorno la camera è stata fresca e pulita,Housekeeping,0.8879540539956735,pos,0.7530190782042947
"piatti gustosi, ma migliorabile nel complesso",F&B,0.7558707729059496,pos,0.8101899361076694
Il personale è inefficiente,Reception,0.852802106828442,neg,0.6312944036052714
Struttura bellissima e personale fantastico.,Reception,0.7029063913465522,pos,0.6719756190025467
Il livello di pulizia è maleodorante,Housekeeping,0.8029788178886915,neg,0.6046273913723312
La camera si presenta igienizzata correttamente,Housekeeping,0.888276470121347,pos,0.7453556550465433
La reception risulta professionale,Reception,0.7921126472732105,pos,0.5900742660554068
La colazione è buona,F&B,0.8917530486391048,pos,0.782847976169167
Stanza trascurata durante il soggiorno direi,Housekeeping,0.7881749524246214,neg,0.6640872801414224
Il servizio di ristorazione è deludente,F&B,0.7594066343382764,neg,0.599238836370953
piatti gustosi durante il soggiorno,F&B,0.7867401072126059,pos,0.8146774766843901
La colazione è varia e gustosa,F&B,0.8253787163385663,pos,0.6847985348468468
direi che stanza trascurata tutto sommato,Housekeeping,0.7591301523475269,neg,0.6008502594440566
"Ottimo hotel nel cuore della splendida Bari. Receptionist disponibili, gentili donne delle pulizie e personale eccellente per la colazione. La nostra camera era così grande e confortevole. Avevamo molte attrazioni raggiungibili a piedi dall'hotel.",Reception,0.5106942216085589,pos,0.69241756738848
La camera è fresca e pulita,Housekeeping,0.9320710601339491,pos,0.7883314242590317
cibo di qualità nel complesso,F&B,0.9326553004095728,pos,0.776097034578785
accoglienza fredda tutto sommato,Reception,0.7238129922770349,neg,0.5827217021660457
La camera risulta molto pulita,Housekeeping,0.9416340209370859,pos,0.8127035413319726
nel complesso servizio veloce tutto sommato,Reception,0.75889808275879,pos,0.8436713178536174
"buffet abbondante, ma migliorabile tutto sommato",F&B,0.7065014535397522,pos,0.7613900689541144
personale scortese nel complesso,Reception,0.8644669010091405,neg,0.6239987555416266
DIREI CHE CAMERA MOLTO PULITA,Housekeeping,0.9136576902270561,pos,0.852153880160438
Qualità bassa direi,F&B,0.7953939735884826,neg,0.6987547305380095
colazionee buona nel complesso,F&B,0.6780068653586905,pos,0.8328956172104722
Il servizio di reception è cordiale,Reception,0.8949006266420887,pos,0.7284154221403094
La qualità del cibo è ottima,F&B,0.9033977506000647,pos,0.733317935470275
Il servizio di reception è professionale,Reception,0.8628980488898246,pos,0.6335475000064925
nel complesso servizio veloce direi,Reception,0.7650764949031617,pos,0.8408598797196187
Il personale è lento,Reception,0.9020840622646854,neg,0.7153621166969364
nel complesso camera molto pulita,Housekeeping,0.9072322113599495,pos,0.8891733952536568
La camera risulta maleodorante,Housekeeping,0.8439936516094433,neg,0.6238071954871018
"Le camere non sono brutte ma servizi inesistenti e personale non cordiale. Tv in camera con 4 canali, Wi-Fi debole, parcheggio 25€ al giorno, colazione nella media. Sinceramente con 100€ al giorno mi aspetterei molto di più, non basta avere il prezzo alto per essere un 4 stelle. Bari offre sicuramente di meglio.",Reception,0.501883311328988,neg,0.5796593605859072
"camera molto pulita, ma migliorabile nel complesso",Housekeeping,0.8543170553625431,pos,0.829122066949476
Durante il soggiorno la camera è stata trascurata,Housekeeping,0.889576015696622,neg,0.6906207849789074
"stanze molto pulite e organizzazione del personale ottima e luogo buono perché vicino al centro , ma la colazione lascia desiderare poiché da poca scelta,dovrebbe essere arricchita dando più possibilità di scegliere per esempio nel beveraggio",F&B,0.5507025080573343,pos,0.5283370062054751
Il buffet è varia e gustosa,F&B,0.8419867599457573,pos,0.7182298276540131
Ottima posizione e personale gentile.,Reception,0.8730166405598896,pos,0.8917004294277445
La camera si presenta ben curata,Housekeeping,0.910456083308196,pos,0.7283983733358913
Il personale si è dimostrato ben organizzato,Reception,0.8549245689847907,pos,0.792781162586149
Il buffet è ben preparata,F&B,0.7239718413876606,pos,0.8477191415438309
La reception risulta cordiale,Reception,0.8403113632399947,pos,0.693136631487947
attesa lunga tutto sommato,Reception,0.7517963735739218,neg,0.6458295377913084
direi che accoglienza fredda tutto sommato,Reception,0.6641994711401946,neg,0.5262421108269715
camra SPORCA DURANTE IL SOGGIORNO,Housekeeping,0.653412946216374,neg,0.6652081604131643
Durante il soggiorno la camera è stata non pulita,Housekeeping,0.8872155239081428,neg,0.5862311563583043
